,brand,img_url,laptop_name,display_size,processor_type,graphics_card,disk_space,discount_price,ratings_5max,disk_type
0,HP,https://encrypted-tbn0.gstatic.com/images?q=tbn:ANd9GcRMF1m5AgAVBpF2yLN-OOTerz2UuXMuLfC8eTpVXEHLsHxZaHJeNou7WiMg2A&s,Notebook 14-df0008nx,14.0,Intel Celeron N4000,Intel HD Graphics 600,64.0,1259.0,0.0,eMMC
1,Lenovo,https://encrypted-tbn0.gstatic.com/images?q=tbn:ANd9GcSZYwdGgbYFQchfi2y4IEXZvlWDv93BCZh62bJ9Qqxr2JNb2u87TlfWVx3BFg&s,IdeaPad 330S-14IKB,14.0,Intel Core i5-8250U,Intel UHD Graphics 620,1024.0,1849.0,3.3,HDD
2,Huawei,https://encrypted-tbn0.gstatic.com/images?q=tbn:ANd9GcSSOsKZ_ruXnOH7cL32J4Fai_afz1ppfO7sGm1yCW_Kb5LWFUoSYL9mqoPYlzE&s,MateBook D Volta,14.0,Intel Core i5-8250U,NVIDIA GeForce MX150 (2 GB),256.0,2999.0,0.0,SSD
3,Dell,https://encrypted-tbn0.gstatic.com/images?q=tbn:ANd9GcTbKVT0EXbo2wa9UbPqhvXtGrua0ID_jX_X7SyZFCUjabjRYrvTgHcAEDOJ_OI&s,Inspiron 15 3567,15.6,Intel Core i3-7020U,Intel HD Graphics 620,1024.0,1849.0,0.0,HDD
4,Asus,https://encrypted-tbn0.gstatic.com/images?q=tbn:ANd9GcQCffNymvC2I5U5l5DqAoY8Orff5mBu0cvrHvbzIpWMlmrpMuoci31vjz8EFw&s,VivoBook 15 X510UR,15.6,Intel Core i7-8550U,NVIDIA GeForce 930MX (2 GB),1024.0,2499.0,0.0,HDD
5,Dell,https://encrypted-tbn0.gstatic.com/images?q=tbn:ANd9GcS8t0qqfa3RKiCCrPKwFklsmPeGqvzsrQy7aCTagblU8BmAHFk2a_i49PNDbQ&s,Vostro 5471,14.0,Intel Core i7-8550U,AMD Radeon 530 (4 GB),128.0,3799.0,3.8,HDD
6,Apple,https://encrypted-tbn0.gstatic.com/images?q=tbn:ANd9GcQi5pDl_3_P6KP4r3WjR3pQVUnB9jVwLCV_DHsQ3Re8mY5qow8e4FG3CVBWbA&s,MacBook Air (Retina),13.3,Intel Core i5 Dual Core,Intel UHD Graphics 617,128.0,4649.0,4.0,SSD
7,Huawei,https://encrypted-tbn0.gstatic.com/images?q=tbn:ANd9GcTMWdbTV6wbVFarJ_o1C5RTZ0nzNPJLXvSoisE3_TdHOi39P5pbVFPyyyu6sU8&s,MateBook D,15.6,Intel Core i5-8250U,NVIDIA GeForce MX150 (2 GB),128.0,2449.0,4.4,HDD
8,Huawei,https://encrypted-tbn0.gstatic.com/images?q=tbn:ANd9GcTZzwIu1M4rUG__92IbZymR07b13X4BUBF2Cg6e_Xjd8xmyz2lZy5BsB0QwSg&s,MateBook X Pro,13.88,Intel Core i5-8250U,NVIDIA GeForce MX150 (2 GB),256.0,4999.0,0.0,SSD
9,HP,https://encrypted-tbn0.gstatic.com/images?q=tbn:ANd9GcQOlgu_4B8itIgdfQUEn7B35eql8vRoBm1EiBIR-zTlnpkkrDTye6_6L3ewIbc&s,14-cf0007nx,14.0,Intel Core i5-8250U,AMD Radeon 530 (2 GB),16.0,2629.0,0.0,HDD
10,HP,https://encrypted-tbn0.gstatic.com/images?q=tbn:ANd9GcSUoltzh9xLCkT7jixRN_lzM7CdhwZrPh5o-Irwldei8IJgoUIfKzsGyGEUSUM&s,15-db0001nx,15.6,AMD A9-9425,AMD Radeon R5,1024.0,1999.0,0.0,HDD
11,Acer,https://encrypted-tbn0.gstatic.com/images?q=tbn:ANd9GcR_eNeA1vPh2rDZhVqDOJnct6hNPDQ0_orJOhUbw2JZvY5MFgXPNOeQsYiPfP8&s,Swift 5,14.0,Intel Core i7-8565U,Intel GMA HD,512.0,4499.0,0.0,SSD
12,Apple,https://encrypted-tbn0.gstatic.com/images?q=tbn:ANd9GcQi5pDl_3_P6KP4r3WjR3pQVUnB9jVwLCV_DHsQ3Re8mY5qow8e4FG3CVBWbA&s,MacBook Air,13.3,Intel Core i5 Dual Core,Intel HD Graphics 6000,128.0,3399.0,0.0,Flash
13,Acer,https://encrypted-tbn0.gstatic.com/images?q=tbn:ANd9GcRBMZ3IHFrhKvYCqsu2lttFRtWNHtAI_HyVKUNCjsvsrwpyvotiahKGikMCMA&s,Swift 5 SF514-52TP-8933,14.0,Intel Core i7-8550U,Intel UHD Graphics 620,512.0,4899.0,0.0,SSD
14,Apple,https://encrypted-tbn0.gstatic.com/images?q=tbn:ANd9GcTz_70dNJ0OcpFt0uBEQYQIZTgDnCAT8qSMfydVvs2eLh-2vVxQmZ6iyPfkVuU&s,MacBook Pro (Retina + Touch Bar),15.4,Intel Core i7 6 Core,Radeon Pro 555X GDDR5 (4 GB),256.0,9099.0,0.0,SSD
15,Acer,https://encrypted-tbn0.gstatic.com/images?q=tbn:ANd9GcTQCq-CuUFCk6Mxj7pwlSml2Y3kkhtoKUBFXK32LftpiHexX9CmRRXWa3T0ZVk&s,Swift 3 SF314-52G,14.0,Intel Core i7-8550U,NVIDIA GeForce MX150 (2 GB),512.0,3399.0,0.0,SSD
16,Apple,https://encrypted-tbn0.gstatic.com/images?q=tbn:ANd9GcTz_70dNJ0OcpFt0uBEQYQIZTgDnCAT8qSMfydVvs2eLh-2vVxQmZ6iyPfkVuU&s,MacBook Pro (Retina + Touch Bar),13.3,Intel Core i5 Quad Core,Intel Iris Plus Graphics 655,512.0,7599.0,4.4,SSD
17,Apple,https://encrypted-tbn0.gstatic.com/images?q=tbn:ANd9GcTz_70dNJ0OcpFt0uBEQYQIZTgDnCAT8qSMfydVvs2eLh-2vVxQmZ6iyPfkVuU&s,MacBook Pro (Retina + Touch Bar),13.3,Intel Core i5 Quad Core,Intel Iris Plus Graphics 655,256.0,6969.0,4.3,SSD
18,Huawei,https://encrypted-tbn0.gstatic.com/images?q=tbn:ANd9GcTuNCLhOr2zPiLDc9Cy4MwguCk8Mhwik4E1BC2UXJFYFmTsnUd37kO1RT4asNk&s,MateBook 13,13.0,Intel Core i7-8565U,NVIDIA GeForce MX150 (2 GB),512.0,4999.0,4.1,SSD
19,Apple,https://encrypted-tbn0.gstatic.com/images?q=tbn:ANd9GcQi5pDl_3_P6KP4r3WjR3pQVUnB9jVwLCV_DHsQ3Re8mY5qow8e4FG3CVBWbA&s,MacBook Air (Retina),13.3,Intel Core i5 Dual Core,Intel UHD Graphics 617,256.0,5399.0,3.9,SSD
20,Dell,https://encrypted-tbn0.gstatic.com/images?q=tbn:ANd9GcQy51MhGW1CVclgmaKjzbCndmyo5As1cxJQ7ewqlX244fnnHeR3VJ1H9DzQVO0&s,XPS 13 9380,13.3,Intel Core i5-8265U,Intel UHD Graphics 620,256.0,4699.0,4.4,SSD
21,HP,https://encrypted-tbn0.gstatic.com/images?q=tbn:ANd9GcRhGwy5PaDMRiWMb9abR0377aIUhGP3_LzUhjS95gVDcJxp1eumFX6UGItIxmo&s,Pavilion 13-an0001nx,13.3,Intel Core i7-8565U,Intel UHD Graphics 620,256.0,3299.0,0.0,SSD
22,Apple,https://encrypted-tbn0.gstatic.com/images?q=tbn:ANd9GcQi5pDl_3_P6KP4r3WjR3pQVUnB9jVwLCV_DHsQ3Re8mY5qow8e4FG3CVBWbA&s,MacBook Air (Retina),13.3,Intel Core i5 Dual Core,Intel UHD Graphics 617,256.0,5449.0,4.0,SSD
23,Apple,https://encrypted-tbn0.gstatic.com/images?q=tbn:ANd9GcQi5pDl_3_P6KP4r3WjR3pQVUnB9jVwLCV_DHsQ3Re8mY5qow8e4FG3CVBWbA&s,MacBook Air (Retina),13.3,Intel Core i5 Dual Core,Intel UHD Graphics 617,256.0,5449.0,3.9,SSD
24,HP,https://encrypted-tbn0.gstatic.com/images?q=tbn:ANd9GcTd-5nP7vXhPtKLL0HiXM_yGCzZiQpmArcbMv8sQ24u0PymbIDZT0IT00jCfes&s,Pavilion 14-ce0001nx,14.0,Intel Core i7-8550U,NVIDIA GeForce MX150 (4 GB),256.0,3599.0,0.0,HDD
25,Apple,https://encrypted-tbn0.gstatic.com/images?q=tbn:ANd9GcQi5pDl_3_P6KP4r3WjR3pQVUnB9jVwLCV_DHsQ3Re8mY5qow8e4FG3CVBWbA&s,MacBook Air (Retina),13.3,Intel Core i5 Dual Core,Intel UHD Graphics 617,128.0,4599.0,3.9,SSD
26,HP,https://encrypted-tbn0.gstatic.com/images?q=tbn:ANd9GcTUMqvbHw0QqP1ZaOirsmpmGbN3xNQNnaFt5AUOFNbNKTvj-0VY__P-hpNm5as&s,Pavilion 14-ce0000nx,14.0,Intel Core i7-8550U,NVIDIA GeForce MX150 (4 GB),256.0,3599.0,5.0,HDD
27,Apple,https://encrypted-tbn0.gstatic.com/images?q=tbn:ANd9GcQi5pDl_3_P6KP4r3WjR3pQVUnB9jVwLCV_DHsQ3Re8mY5qow8e4FG3CVBWbA&s,MacBook Air (Retina),13.3,Intel Core i5 Dual Core,Intel UHD Graphics 617,128.0,4599.0,3.9,SSD
28,Huawei,https://encrypted-tbn0.gstatic.com/images?q=tbn:ANd9GcSSOsKZ_ruXnOH7cL32J4Fai_afz1ppfO7sGm1yCW_Kb5LWFUoSYL9mqoPYlzE&s,MateBook D Volta,14.0,Intel Core i7-8550U,NVIDIA GeForce MX150 (2 GB),256.0,3599.0,0.0,SSD
29,Asus,https://encrypted-tbn0.gstatic.com/images?q=tbn:ANd9GcTCJNcyTeJvlu9uOW7g5SONaFw1OMvlXITH1vyE5lkp5oOdcIJ-7knMk3G-KQ&s,ZenBook 14 UX433FN,14.0,Intel Core i7-8565U,NVIDIA GeForce MX150 (2 GB),512.0,4299.0,0.0,SSD
30,Asus,https://encrypted-tbn0.gstatic.com/images?q=tbn:ANd9GcSm7i3Jf-aRUG-3-i0JDnORquJnxiDz4WpzxKgliL1AswH_gmruqpwRyRd2xco&s,VivoBook 14 S430FN,14.0,Intel Core i5-8265U,NVIDIA GeForce MX150 (2 GB),128.0,2599.0,0.0,HDD
31,Huawei,https://encrypted-tbn0.gstatic.com/images?q=tbn:ANd9GcTZzwIu1M4rUG__92IbZymR07b13X4BUBF2Cg6e_Xjd8xmyz2lZy5BsB0QwSg&s,MateBook X Pro,13.88,Intel Core i7-8550U,NVIDIA GeForce MX150 (2 GB),512.0,6399.0,0.0,SSD
32,HP,https://encrypted-tbn0.gstatic.com/images?q=tbn:ANd9GcQ4EASRp0x6BTx6DVqcF4-7us43jz3E6HkRhOjQ1dqHeVwfcQLjKLD7i2cE_Q&s,Pavilion 14-ce2003nx,14.0,Intel Core i7-8565U,NVIDIA GeForce MX250 (4 GB),128.0,3249.0,0.0,HDD
33,Asus,https://encrypted-tbn0.gstatic.com/images?q=tbn:ANd9GcRUA35IgUk40Wm8zWwVZ1hArrodfxgeOXFhuFKH-hWtGKr2M0OYX11ATWnY9tU&s,X543UB,15.6,Intel Core i7-8550U,NVIDIA GeForce MX110 (2 GB),1024.0,2499.0,0.0,HDD
34,HP,https://encrypted-tbn0.gstatic.com/images?q=tbn:ANd9GcQCbaVGItPAOPfhT-xrxiai_LID0Wsh045s2S0hiWD29mplSSEq9GkfYxn6eA&s,Pavilion 14-ce2000nx,14.0,Intel Core i7-8565U,NVIDIA GeForce MX250 (4 GB),256.0,3799.0,0.0,HDD
35,HP,https://encrypted-tbn0.gstatic.com/images?q=tbn:ANd9GcTd-5nP7vXhPtKLL0HiXM_yGCzZiQpmArcbMv8sQ24u0PymbIDZT0IT00jCfes&s,Pavilion 14-ce2001nx,14.0,Intel Core i7-8565U,NVIDIA GeForce MX250 (4 GB),256.0,3799.0,0.0,HDD
36,Lenovo,https://encrypted-tbn0.gstatic.com/images?q=tbn:ANd9GcSZYwdGgbYFQchfi2y4IEXZvlWDv93BCZh62bJ9Qqxr2JNb2u87TlfWVx3BFg&s,IdeaPad 330S-14IKB,14.0,Intel Core i5-8250U,Intel UHD Graphics 620,256.0,1999.0,0.0,Flash
37,Asus,https://encrypted-tbn0.gstatic.com/images?q=tbn:ANd9GcTurZc6vaFN4J_Kc4tEp2RDQe0beqBiolfzRA-HFz5np2swcy492yILLxPcBA&s,VivoBook S15 S530FN,15.6,Intel Core i7-8565U,NVIDIA GeForce MX150 (2 GB),128.0,3499.0,0.0,HDD
38,Asus,https://encrypted-tbn0.gstatic.com/images?q=tbn:ANd9GcS-rCmRInZQmBxEi22ikRE-hA6JK5jNDFJpjFXVzjSYgxT03NUwE_mi5kNZLg&s,VivoBook 15 X512UB,15.6,Intel Core i5-8250U,NVIDIA GeForce MX110 (2 GB),128.0,2399.0,0.0,HDD
39,Asus,https://encrypted-tbn0.gstatic.com/images?q=tbn:ANd9GcQmfF_H4qoqKUumnIR9G7XNavskwQDA1DdxvOdOMh58sOnq31aJWNxccvtgZg&s,VivoBook 14 X412UB,14.0,Intel Core i5-8250U,NVIDIA GeForce MX110 (2 GB),1024.0,2299.0,0.0,HDD
40,Asus,https://encrypted-tbn0.gstatic.com/images?q=tbn:ANd9GcQibjilF5yJlBLFGy1-F8xCI_q0YOp87zaqa6Iu_vOxZrj86vk-oCcD4K57lSg&s,X507UB,15.6,Intel Core i5-8250U,NVIDIA GeForce MX110 (2 GB),1024.0,1999.0,3.6,HDD
41,Asus,https://encrypted-tbn0.gstatic.com/images?q=tbn:ANd9GcSy-__Ch9gqV8l8gqn6nnbxNreL8ooR3PFXWYueSvVJjCGfmoIm96V7uSAl0A&s,VivoBook 14 X412FJ,14.0,Intel Core i5-8265U,NVIDIA GeForce MX230 (2 GB),128.0,2649.0,0.0,HDD
42,Apple,https://encrypted-tbn0.gstatic.com/images?q=tbn:ANd9GcQ_BSrAu0CAb3LY2SiFuWJZAqK9h0Nq6YSjwpo5Y52Zpq7QZazkZYXcDkpsPQ&s,MacBook,12.0,Intel Core M3,Intel HD Graphics 615,256.0,5269.0,5.0,SSD
43,Huawei,https://encrypted-tbn0.gstatic.com/images?q=tbn:ANd9GcTMWdbTV6wbVFarJ_o1C5RTZ0nzNPJLXvSoisE3_TdHOi39P5pbVFPyyyu6sU8&s,MateBook D,15.6,Intel Core i7-8550U,NVIDIA GeForce MX150 (2 GB),128.0,2899.0,4.0,HDD
44,Huawei,https://encrypted-tbn0.gstatic.com/images?q=tbn:ANd9GcTMWdbTV6wbVFarJ_o1C5RTZ0nzNPJLXvSoisE3_TdHOi39P5pbVFPyyyu6sU8&s,MateBook D,15.6,Intel Core i7-8550U,NVIDIA GeForce MX150 (2 GB),128.0,2899.0,4.4,HDD
45,Huawei,https://encrypted-tbn0.gstatic.com/images?q=tbn:ANd9GcTuNCLhOr2zPiLDc9Cy4MwguCk8Mhwik4E1BC2UXJFYFmTsnUd37kO1RT4asNk&s,MateBook 13,13.0,Intel Core i7-8565U,Intel UHD Graphics 620,512.0,3599.0,4.1,SSD
46,Lenovo,https://encrypted-tbn0.gstatic.com/images?q=tbn:ANd9GcQFy7x8xWr2DEKQYfiRGA3Lp-XoYH9VT6A7_YRcjNZkZceq_tl0Fab7OnnNBRg&s,IdeaPad S530,13.3,Intel Core i7-8565U,NVIDIA GeForce MX150 (2 GB),512.0,3599.0,0.0,SSD
47,Dell,https://encrypted-tbn0.gstatic.com/images?q=tbn:ANd9GcQy51MhGW1CVclgmaKjzbCndmyo5As1cxJQ7ewqlX244fnnHeR3VJ1H9DzQVO0&s,XPS 13 9380,13.3,Intel Core i7-8565U,Intel UHD Graphics 620,512.0,5999.0,4.4,SSD
48,HP,https://encrypted-tbn0.gstatic.com/images?q=tbn:ANd9GcQvuGo0yAsaunivrq83lTXTpJ7NAAjV4kl-2asGoHAetCjRh-IX3ZbBB36V4g&s,15-da1019nx,15.6,Intel Core i7-8565U,NVIDIA GeForce MX130 (4 GB),1024.0,2749.0,0.0,HDD
49,HP,https://encrypted-tbn0.gstatic.com/images?q=tbn:ANd9GcQzqumDFLEdu9YXb7i4eTTAr4RqBTh2F3YGQLNIwVypZzbN2Sm4jl1skg2nxg&s,15-da1003nx,15.6,Intel Core i7-8565U,NVIDIA GeForce MX130 (4 GB),1024.0,2749.0,0.0,HDD
50,Dell,https://encrypted-tbn0.gstatic.com/images?q=tbn:ANd9GcS6DhoD6HYAqW9QRLqhUuFHCC5KH6E9TC9NdeS8kFq5-8tgZT_7liRcv_cpxQ&s,XPS 15 9570,15.6,Intel Core i7-8750H,NVIDIA GeForce GTX 1050 Ti (4 GB),128.0,6099.0,0.0,HDD
51,Asus,https://encrypted-tbn0.gstatic.com/images?q=tbn:ANd9GcRibpjvvNxFPt7f888NJWScdsuIlFEEuUALDD6fzgK7dq56BGn93iZlg-ZcbXY&s,VivoBook 15 X512UF,15.6,Intel Core i7-8550U,NVIDIA GeForce MX130 (2 GB),128.0,2899.0,0.0,HDD
52,Dell,https://encrypted-tbn0.gstatic.com/images?q=tbn:ANd9GcSJVmLBrrmDS7MSns4rC5sWkuGb9omG6cep5LAUn6D_KdSytgS7SlWZKT6ZSN0&s,Inspiron 15 3580,15.6,Intel Core i5-8265U,AMD Radeon 520 (2 GB),1024.0,2299.0,0.0,HDD
53,Acer,https://encrypted-tbn0.gstatic.com/images?q=tbn:ANd9GcT2p6jMy5Bv3KGq2hDgljx7SGuoqn15PWulBaPXI1kVVHu5s_VZuCrQoJd4Dw&s,Aspire 5 A515-52G-75XJ,15.6,Intel Core i7-8565U,NVIDIA GeForce MX130 (2 GB),1024.0,2799.0,0.0,HDD
54,Dell,https://encrypted-tbn0.gstatic.com/images?q=tbn:ANd9GcSJVmLBrrmDS7MSns4rC5sWkuGb9omG6cep5LAUn6D_KdSytgS7SlWZKT6ZSN0&s,Inspiron 15 3580,15.6,Intel Core i7-8565U,AMD Radeon 520 (2 GB),1024.0,2799.0,0.0,HDD
55,Huawei,https://encrypted-tbn0.gstatic.com/images?q=tbn:ANd9GcTMWdbTV6wbVFarJ_o1C5RTZ0nzNPJLXvSoisE3_TdHOi39P5pbVFPyyyu6sU8&s,MateBook D,15.6,Intel Core i5-8250U,NVIDIA GeForce MX150 (2 GB),128.0,2449.0,0.0,HDD
56,Lenovo,https://encrypted-tbn0.gstatic.com/images?q=tbn:ANd9GcTvUaYaeM1lPZzuhF_xLijlK-BnOHopVaqlMvROXmKnJL9NHG7JhQenGtUB9yA&s,IdeaPad 330,15.6,Intel Core i7-8550U,AMD Radeon 530 (4 GB),128.0,2789.0,3.6,HDD
57,Lenovo,https://encrypted-tbn0.gstatic.com/images?q=tbn:ANd9GcRG-0pLIf6zZSL9aNJhqE2jQjD-F3BnsM4HxeUMdqKR1wrA8dDdT8Pmdxchxg&s,IdeaPad S340,15.6,Intel Core i5-8265U,NVIDIA GeForce MX230 (2 GB),128.0,2299.0,0.0,HDD
58,HP,https://encrypted-tbn0.gstatic.com/images?q=tbn:ANd9GcShsZSLomvfH1QTJqpSen1Nwor5skUDXNP_YADlozaZCNbTSWRxQERsxum2hg&s,Pavilion 15-cs2003nx,15.6,Intel Core i5-8265U,NVIDIA GeForce MX130 (2 GB),128.0,2699.0,0.0,HDD
59,Acer,https://encrypted-tbn0.gstatic.com/images?q=tbn:ANd9GcRqhTM9fvgWPqnFeelE9W3pwN_rDj3pvXyQteAE8j7CHRTSOP4lLQj7BFqwNA&s,Swift 3 314,14.0,Intel Core i7-8565U,NVIDIA GeForce MX150 (2 GB),128.0,3699.0,0.0,HDD
60,Lenovo,https://encrypted-tbn0.gstatic.com/images?q=tbn:ANd9GcRG-0pLIf6zZSL9aNJhqE2jQjD-F3BnsM4HxeUMdqKR1wrA8dDdT8Pmdxchxg&s,IdeaPad S340,14.0,Intel Core i3-8145U,Intel GMA HD,1024.0,1499.0,4.2,HDD
61,Lenovo,https://encrypted-tbn0.gstatic.com/images?q=tbn:ANd9GcRG-0pLIf6zZSL9aNJhqE2jQjD-F3BnsM4HxeUMdqKR1wrA8dDdT8Pmdxchxg&s,IdeaPad S340,14.0,Intel Core i3-8145U,Intel GMA HD,1024.0,1499.0,4.2,HDD
62,Lenovo,https://encrypted-tbn0.gstatic.com/images?q=tbn:ANd9GcQRMRNiJdox4Yq22BDB5q9duNf_2HF_tHRKBvJiWqWyLRLWcIVzfVydJ2SS-Ew&s,IdeaPad S145,15.6,Intel Celeron 4205U,Intel GMA HD,500.0,1039.0,0.0,HDD
63,Dell,https://encrypted-tbn0.gstatic.com/images?q=tbn:ANd9GcSJVmLBrrmDS7MSns4rC5sWkuGb9omG6cep5LAUn6D_KdSytgS7SlWZKT6ZSN0&s,Inspiron 15 3580,15.6,Intel Core i5-8265U,AMD Radeon 520 (2 GB),1024.0,2199.0,0.0,HDD
64,Lenovo,https://encrypted-tbn0.gstatic.com/images?q=tbn:ANd9GcRG-0pLIf6zZSL9aNJhqE2jQjD-F3BnsM4HxeUMdqKR1wrA8dDdT8Pmdxchxg&s,IdeaPad S340,14.0,Intel Core i5-8265U,Intel GMA HD,1024.0,1849.0,4.2,HDD
65,HP,https://encrypted-tbn0.gstatic.com/images?q=tbn:ANd9GcRJpbzraMwTGnTmxpyML0UZ5z5ndXrKQ29c3zATH_ogbfUcMSIUSpFDclN22_Q&s,14-cf1001nx,14.0,Intel Core i5-8265U,AMD Radeon 530 (2 GB),128.0,2549.0,5.0,HDD
66,HP,https://encrypted-tbn0.gstatic.com/images?q=tbn:ANd9GcRJArAb2axU_CAUWf6kC1vTWeXDXd2pVa9NmONotJXzlSeFmetp3dMeMKvM_9c&s,15-da1005nx,15.6,Intel Core i5-8265U,Intel UHD Graphics 620,1024.0,1949.0,0.0,HDD
67,Lenovo,https://encrypted-tbn0.gstatic.com/images?q=tbn:ANd9GcRG-0pLIf6zZSL9aNJhqE2jQjD-F3BnsM4HxeUMdqKR1wrA8dDdT8Pmdxchxg&s,IdeaPad S340,14.0,Intel Core i5-8265U,Intel GMA HD,1024.0,1849.0,4.2,HDD
68,Lenovo,https://encrypted-tbn0.gstatic.com/images?q=tbn:ANd9GcTZBoptwdqeUq1j_EgDHJ0s68G6UUtWk7v0OlbL6CQdL_T-lZwB4FMp3uEbw0o&s,IdeaPad 330-15IKBR,15.6,Intel Core i7-8550U,AMD Radeon 530M (4 GB),2048.0,2899.0,0.0,HDD
69,Dell,https://encrypted-tbn0.gstatic.com/images?q=tbn:ANd9GcT2Udm0RMg5Ovxb8Q2_rwVuVApMBIjn4TNrm2LqRKklnjCdM4LZK9Db9u0u0A&s,Inspiron 15 3581,15.6,Intel Core i3-7020U,Intel HD Graphics 620,1024.0,1699.0,0.0,HDD
70,Acer,https://encrypted-tbn0.gstatic.com/images?q=tbn:ANd9GcRztY1dwez-vHwrHOaXCuVYCNHmUu7zmBGMkbBzEe25yPKxuiYuj6xUMPDiqg&s,Aspire 3 A315-53-52ZL,15.6,Intel Core i5-8250U,Intel UHD Graphics 620,16.0,1979.0,0.0,HDD
71,Acer,https://encrypted-tbn0.gstatic.com/images?q=tbn:ANd9GcTh6j7XSq6adys8R-x_0hL_7bp0SeFa6SLBiyk1Hb0viVHcVIJdKCsScKiJcbc&s,Aspire 3 A315-53-341N,15.6,Intel Core i3-7020U,Intel Graphics 620,1024.0,1539.0,0.0,HDD
72,Acer,https://encrypted-tbn0.gstatic.com/images?q=tbn:ANd9GcRtAO6t_Pz60jmw7YM4fRD6pK2Cf5BVed9QYKGpFZmD8X66KcIdt3Dj6jFhNu8&s,Aspire 3 A315-53G,15.6,Intel Core i5-8250U,NVIDIA GeForce MX130 (2 GB),1024.0,2299.0,0.0,HDD
73,Lenovo,https://encrypted-tbn0.gstatic.com/images?q=tbn:ANd9GcTvUaYaeM1lPZzuhF_xLijlK-BnOHopVaqlMvROXmKnJL9NHG7JhQenGtUB9yA&s,IdeaPad 330,15.6,Intel Celeron N4000,Intel UHD Graphics 600,1024.0,1179.0,0.0,HDD
74,Lenovo,https://encrypted-tbn0.gstatic.com/images?q=tbn:ANd9GcSSjzu7F9DqCkBIto3VENH6cOon6zSNPFj9mJRqnEkecI8e6yZnw-exlNaPxXw&s,IdeaPad S130-14IGM,14.0,Intel Celeron N4000,Intel UHD Graphics 600,64.0,899.0,0.0,eMMC
75,Lenovo,https://encrypted-tbn0.gstatic.com/images?q=tbn:ANd9GcR3EF0H-b6xAZwNBt6u_Hjs-7ktWUWVCsYWk-Q22I81d3mqGRSDxLJCTrjns9A&s,IdeaPad 330S,15.6,Intel Core i5-8250U,AMD Radeon 540 (4 GB),2048.0,2499.0,0.0,HDD
76,Asus,https://encrypted-tbn0.gstatic.com/images?q=tbn:ANd9GcRUsWAbTbdPCZBL5B7czR-VujbLK_sgNvBbI9HpC4e6mNu1g900oXR8AO_W0A&s,VivoBook 14 X420UA,14.0,Intel Core i3-7020U,Intel HD Graphics 620,128.0,1499.0,0.0,SSD
77,Asus,https://encrypted-tbn0.gstatic.com/images?q=tbn:ANd9GcSJXLUbqMqQZ51MwnGugRWVxzG8wf92Rx6DXyLQta6u0LLEUgR8hpN8rSpZEtI&s,X540UB,15.6,Intel Core i5-8250U,NVIDIA GeForce MX110 (2 GB),1024.0,1799.0,0.0,HDD
78,Huawei,https://encrypted-tbn0.gstatic.com/images?q=tbn:ANd9GcTuNCLhOr2zPiLDc9Cy4MwguCk8Mhwik4E1BC2UXJFYFmTsnUd37kO1RT4asNk&s,MateBook 13,13.0,Intel Core i5-8265U,Intel UHD Graphics 620,256.0,2799.0,4.1,SSD
79,HP,https://encrypted-tbn0.gstatic.com/images?q=tbn:ANd9GcRHdPnG7xMcG7JouQFPoopAaxdQERRiWvhMqIItY3LGnK5_TK7rHLmZRYHVHfU&s,15-da1018nx,15.6,Intel Core i3-8145U,Intel UHD Graphics 620,1024.0,1629.0,0.0,HDD
80,HP,https://encrypted-tbn0.gstatic.com/images?q=tbn:ANd9GcSl-kB5KD6-o8qu0qulLlNcsXpnAshStIeJivN2BedK0hJWBDElb4uQrd43JXs&s,15-da1016nx,15.6,Intel Core i3-8145U,Intel UHD Graphics 620,1024.0,1629.0,0.0,HDD
81,Acer,https://encrypted-tbn0.gstatic.com/images?q=tbn:ANd9GcTzfMnGZDVhsJrIFEkdron3WKG9VBjX5N9uzUB5vWBSI0z1B5Us_T7r25wUzEA&s,Aspire 3 A315-33-C6S9,15.6,Intel Celeron N3060,Intel GMA HD,500.0,1219.0,3.7,HDD
82,Asus,https://encrypted-tbn0.gstatic.com/images?q=tbn:ANd9GcRUA35IgUk40Wm8zWwVZ1hArrodfxgeOXFhuFKH-hWtGKr2M0OYX11ATWnY9tU&s,X543UB,15.6,Intel Core i5-8250U,Intel UHD Graphics 620,1024.0,1799.0,0.0,HDD
83,Asus,https://encrypted-tbn0.gstatic.com/images?q=tbn:ANd9GcRy05fn1KyhjAkxE03nvTqUXysGijNH7r5PHQPv2jTqY4-NbSAscpThut8FPpk&s,X543MA,15.6,Intel Celeron N4000,Intel UHD Graphics 600,1024.0,1099.0,0.0,HDD
84,Acer,https://encrypted-tbn0.gstatic.com/images?q=tbn:ANd9GcSxVXui-TuqE5Hg1IUuIFDrOW1IqsaejmklJJy9Ow21tO_EIrHWCrCBkSIc3V0&s,Aspire 3 A315-53,15.6,Intel Core i3-7020U,Intel HD Graphics 620,1024.0,1599.0,3.7,HDD
85,Dell,https://encrypted-tbn0.gstatic.com/images?q=tbn:ANd9GcTl-8LJlBakdD69ytUlH-F6TvxN5AGcLM8J4FzM6PKRILOMOJlpapZ1eTFAV-s&s,Inspiron 15 3582,15.6,Intel Celeron N4000,Intel UHD Graphics 600,500.0,1299.0,0.0,HDD
86,Dell,https://encrypted-tbn0.gstatic.com/images?q=tbn:ANd9GcQjd9CK3ixQgr847seywkD6S2M0RqVqPKjMBcubwy2UEA_IiRQiUqJSEA6pO1A&s,Inspiron 15 3573,15.6,Intel Celeron N4000,Intel GMA HD,500.0,1299.0,0.0,HDD
87,Dell,https://encrypted-tbn0.gstatic.com/images?q=tbn:ANd9GcRpay6c7u60LI0h1r3moKln0F9bS-nIvY6WaEfduCLUTHEsqSVnq6UxZYS88w&s,Inspiron 15 5584,15.6,Intel Core i7-8565U,NVIDIA GeForce MX130 (4 GB),256.0,3999.0,3.7,HDD
88,Acer,https://encrypted-tbn0.gstatic.com/images?q=tbn:ANd9GcQaQ5CYFBhA32EFb6qAiZRD3NEz9ivss2yTtaq7GAb_DhriZgeceh6BlRJEQeg&s,Swift 1 SF114-32-C4GB,14.0,Intel Celeron N4000,Intel HD Graphics 600,64.0,1279.0,0.0,eMMC
89,Acer,https://encrypted-tbn0.gstatic.com/images?q=tbn:ANd9GcRdp0ROsgjcLZUkP2J_0BSEJcZX1O84izDapvMqyxUFHIJ6wPcdWMI62g_9Jg&s,Aspire 3,15.6,Intel Core i3-7020U,Intel HD Graphics 620,1024.0,1679.0,0.0,HDD
90,Acer,https://encrypted-tbn0.gstatic.com/images?q=tbn:ANd9GcQVjOBSzGofa0vALPn_6OPi0iCLgg-sLAemhjFBnNfdHSRtRzSMnE-BDrftJJ0&s,Aspire 3 A315-54,15.6,Intel Core i5-8265U,Intel UHD Graphics 620,1024.0,1999.0,0.0,HDD
91,Acer,https://encrypted-tbn0.gstatic.com/images?q=tbn:ANd9GcQVjOBSzGofa0vALPn_6OPi0iCLgg-sLAemhjFBnNfdHSRtRzSMnE-BDrftJJ0&s,Aspire 3 A315-54,15.6,Intel Core i5-8265U,Intel UHD Graphics 620,1024.0,1999.0,0.0,HDD
92,Acer,https://encrypted-tbn0.gstatic.com/images?q=tbn:ANd9GcSz_hdgs1eemBXRWd0kzGYdTU5l69czXIfNuJg8u-hDiGGF9bqeCIWQvrecEw&s,Aspire 5 A515-54G,15.6,Intel Core i7-8565U,NVIDIA GeForce MX250 (2 GB),1024.0,3099.0,0.0,HDD
93,HP,https://encrypted-tbn0.gstatic.com/images?q=tbn:ANd9GcQf3VrZcO-7zevKiTWZ8otvcxcGaT7MjCY83hGdRJJhB07ZRFDlrjaNl87twdQ&s,Pavilion 15-cs2012nx,15.6,Intel Core i7-8565U,NVIDIA GeForce GTX 1050 (3 GB),512.0,4549.0,0.0,SSD
94,Asus,https://encrypted-tbn0.gstatic.com/images?q=tbn:ANd9GcR86paskES58YfEFI_0b12TTLlkLNuIeM7eW2euOpZftEmNIQd6EcB7OlXGtQ&s,ZenBook S13 UX392FN,13.9,Intel Core i7-8565U,NVIDIA GeForce MX150 (2 GB),1024.0,6999.0,0.0,SSD
95,HP,https://encrypted-tbn0.gstatic.com/images?q=tbn:ANd9GcT6JPAu1K9Ld7aIHCTYfmE7ws_EyNJvV66dagYT_a_eplnKlrDX2G_u3alPZmg&s,Pavilion 15-cs2011nx,15.6,Intel Core i5-8265U,NVIDIA GeForce MX130 (2 GB),1024.0,2799.0,0.0,HDD
96,Apple,https://encrypted-tbn0.gstatic.com/images?q=tbn:ANd9GcTz_70dNJ0OcpFt0uBEQYQIZTgDnCAT8qSMfydVvs2eLh-2vVxQmZ6iyPfkVuU&s,MacBook Pro (Retina + Touch Bar),13.3,Intel Core i5 Quad Core,Intel Iris Plus Graphics 645,128.0,5649.0,0.0,SSD
97,Apple,https://encrypted-tbn0.gstatic.com/images?q=tbn:ANd9GcTz_70dNJ0OcpFt0uBEQYQIZTgDnCAT8qSMfydVvs2eLh-2vVxQmZ6iyPfkVuU&s,MacBook Pro (Retina + Touch Bar),13.3,Intel Core i5 Quad Core,Intel Iris Plus Graphics 645,128.0,5649.0,0.0,SSD
98,Apple,https://encrypted-tbn0.gstatic.com/images?q=tbn:ANd9GcTz_70dNJ0OcpFt0uBEQYQIZTgDnCAT8qSMfydVvs2eLh-2vVxQmZ6iyPfkVuU&s,MacBook Pro (Retina + Touch Bar),13.3,Intel Core i5 Quad Core,Intel Iris Plus Graphics 645,256.0,6499.0,0.0,SSD
99,Apple,https://encrypted-tbn0.gstatic.com/images?q=tbn:ANd9GcQi5pDl_3_P6KP4r3WjR3pQVUnB9jVwLCV_DHsQ3Re8mY5qow8e4FG3CVBWbA&s,MacBook Air (Retina),13.3,Intel Core i5 Dual Core,Intel UHD Graphics 617,128.0,4799.0,3.9,SSD
100,Apple,https://encrypted-tbn0.gstatic.com/images?q=tbn:ANd9GcQi5pDl_3_P6KP4r3WjR3pQVUnB9jVwLCV_DHsQ3Re8mY5qow8e4FG3CVBWbA&s,MacBook Air (Retina),13.3,Intel Core i5 Dual Core,Intel UHD Graphics 617,128.0,4799.0,3.9,SSD
101,Apple,https://encrypted-tbn0.gstatic.com/images?q=tbn:ANd9GcQi5pDl_3_P6KP4r3WjR3pQVUnB9jVwLCV_DHsQ3Re8mY5qow8e4FG3CVBWbA&s,MacBook Air (Retina),13.3,Intel Core i5 Dual Core,Intel UHD Graphics 617,128.0,4799.0,0.0,SSD
102,Apple,https://encrypted-tbn0.gstatic.com/images?q=tbn:ANd9GcQi5pDl_3_P6KP4r3WjR3pQVUnB9jVwLCV_DHsQ3Re8mY5qow8e4FG3CVBWbA&s,MacBook Air (Retina),13.3,Intel Core i5 Dual Core,Intel UHD Graphics 617,256.0,5649.0,0.0,SSD
103,Apple,https://encrypted-tbn0.gstatic.com/images?q=tbn:ANd9GcQi5pDl_3_P6KP4r3WjR3pQVUnB9jVwLCV_DHsQ3Re8mY5qow8e4FG3CVBWbA&s,MacBook Air (Retina),13.3,Intel Core i5 Dual Core,Intel UHD Graphics 617,256.0,5649.0,0.0,SSD
104,Apple,https://encrypted-tbn0.gstatic.com/images?q=tbn:ANd9GcQi5pDl_3_P6KP4r3WjR3pQVUnB9jVwLCV_DHsQ3Re8mY5qow8e4FG3CVBWbA&s,MacBook Air (Retina),13.3,Intel Core i5 Dual Core,Intel UHD Graphics 617,256.0,5649.0,0.0,SSD
105,Apple,https://encrypted-tbn0.gstatic.com/images?q=tbn:ANd9GcTz_70dNJ0OcpFt0uBEQYQIZTgDnCAT8qSMfydVvs2eLh-2vVxQmZ6iyPfkVuU&s,MacBook Pro (Retina + Touch Bar),13.3,Intel Core i5 Quad Core,Intel Iris Plus Graphics 645,256.0,6499.0,0.0,SSD
106,HP,https://encrypted-tbn0.gstatic.com/images?q=tbn:ANd9GcTcCCvG-ntsxjDHQTEGnZNdTCUfh_V-rSarXugG-BW_FtFctMhPVBMP2z8Dpg&s,Stream 14-cb003nx,14.0,Intel Celeron N3060,Intel HD Graphics 400,32.0,1049.0,0.0,eMMC
107,Apple,https://encrypted-tbn0.gstatic.com/images?q=tbn:ANd9GcQ_BSrAu0CAb3LY2SiFuWJZAqK9h0Nq6YSjwpo5Y52Zpq7QZazkZYXcDkpsPQ&s,MacBook Pro (Retina),13.3,Intel Core i5 Dual Core,Intel Iris Plus Graphics 640,128.0,5669.0,4.9,SSD
108,Acer,https://encrypted-tbn0.gstatic.com/images?q=tbn:ANd9GcTMlaDuq1-YlLYzU17eURaZYfY-0EoNDTrCMO3d3feuGpHY-AbQJwh_qCrJ42U&s,Aspire 1 A114-31-C6WP,14.0,Intel Celeron N3350,Intel HD Graphics 505,64.0,999.0,0.0,eMMC
109,Microsoft,https://encrypted-tbn0.gstatic.com/images?q=tbn:ANd9GcRXGz74vrAP3GMvvSkvHBcdmREC-Ocb39Ah72XwJong5oEEFnUOK8BkdDnoEH0&s,Surface,13.5,Intel Core i5-7200U,Intel HD Graphics 620,256.0,5799.0,0.0,SSD
110,HP,https://encrypted-tbn0.gstatic.com/images?q=tbn:ANd9GcR0KfKanrKyf4fEgzVMj-agP5GhurAvr6xOVamA-dASuipTlJsx7x84dudYSo0&s,ENVY 13-ah0006nx,13.3,Intel Core i7-8550U,NVIDIA GeForce MX150 (2 GB),512.0,4939.0,0.0,SSD
111,Acer,https://encrypted-tbn0.gstatic.com/images?q=tbn:ANd9GcQaQ5CYFBhA32EFb6qAiZRD3NEz9ivss2yTtaq7GAb_DhriZgeceh6BlRJEQeg&s,Swift 1 SF114-32-C4GB,14.0,Intel Celeron N4000,Intel HD Graphics 600,64.0,1349.0,0.0,eMMC
112,Acer,https://encrypted-tbn0.gstatic.com/images?q=tbn:ANd9GcRn53Q1X5Qp-3JsJEAQfurBILsEP-RSuA6lt-_Y5QNLaKbhv7KAJ5V7bZU8FQ&s,Aspire 1 A114-31,14.0,Intel Celeron N3350,Intel HD Graphics 500,64.0,999.0,0.0,eMMC
113,Dell,https://encrypted-tbn0.gstatic.com/images?q=tbn:ANd9GcTFeczKXWvBQqDry1n894wBeOov69CLjWs6WjCRdnM8lvd_gfI7y7WwsjAWybU&s,XPS 13 9370,13.3,Intel Core i7-8550U,Intel UHD Graphics 620,1024.0,8099.0,0.0,SSD
114,Dell,https://encrypted-tbn0.gstatic.com/images?q=tbn:ANd9GcS8t0qqfa3RKiCCrPKwFklsmPeGqvzsrQy7aCTagblU8BmAHFk2a_i49PNDbQ&s,Vostro 5471,14.0,Intel Core i5-8250U,AMD Radeon 530 (2 GB),1024.0,2949.0,0.0,HDD
115,HP,https://encrypted-tbn0.gstatic.com/images?q=tbn:ANd9GcQ0mlG3FK1uvjyqb1JTjZ_r_JJBA0xS2rZ5gk-VqGtE33emxZcdpYQqevOO-DY&s,Spectre 13-af001nx,13.3,Intel Core i5-8250U,Intel UHD Graphics 620,512.0,6299.0,0.0,Flash
116,Dell,https://encrypted-tbn0.gstatic.com/images?q=tbn:ANd9GcQy51MhGW1CVclgmaKjzbCndmyo5As1cxJQ7ewqlX244fnnHeR3VJ1H9DzQVO0&s,XPS 13 9380,13.3,Intel Core i7-8565U,Intel UHD Graphics 620,1024.0,8099.0,4.4,SSD
117,HP,https://encrypted-tbn0.gstatic.com/images?q=tbn:ANd9GcQqmf-brFzAbCBpCPOh98kQb3VwApToZnRu4XoQY-2UU1U-yrHc7LixqBl0Pcg&s,ENVY 13-ah0001nx,13.3,Intel Core i7-8550U,NVIDIA GeForce MX150 (2 GB),512.0,4939.0,4.0,SSD
118,Apple,https://encrypted-tbn0.gstatic.com/images?q=tbn:ANd9GcQ_BSrAu0CAb3LY2SiFuWJZAqK9h0Nq6YSjwpo5Y52Zpq7QZazkZYXcDkpsPQ&s,MacBook Pro (Retina),13.3,Intel Core i5 Dual Core,Intel Iris Plus Graphics 640,256.0,6499.0,4.6,SSD
119,Lenovo,https://encrypted-tbn0.gstatic.com/images?q=tbn:ANd9GcT2P_-2c_OKUDY4ltrf__v060DoTUyw-X178_Go-0S7UBhebk8l_HijZcMHdYw&s,IdeaPad 330-15IGM,15.6,Intel Celeron N4000,Intel HD Graphics 600,500.0,1359.0,3.9,HDD
120,HP,https://encrypted-tbn0.gstatic.com/images?q=tbn:ANd9GcSIcd8Dki0nd8GZ_g0xx_u8bjLD7A5M0JnvgqTBpJaPd9gqWQHSWWBMwBEIDZ4&s,ENVY 13-ah0002nx,13.3,Intel Core i7-8550U,NVIDIA GeForce MX150 (2 GB),1024.0,6299.0,0.0,SSD
121,Dell,https://encrypted-tbn0.gstatic.com/images?q=tbn:ANd9GcQMuJI48htHicdWYcSHvDVuLv9QxupWSSRLxYzAMLnhQyMcF8mDUwDEd2IWlw&s,XPS 13 9360,13.3,Intel Core i5-8250U,Intel GMA HD,256.0,4899.0,4.3,SSD
122,Dell,https://encrypted-tbn0.gstatic.com/images?q=tbn:ANd9GcS8t0qqfa3RKiCCrPKwFklsmPeGqvzsrQy7aCTagblU8BmAHFk2a_i49PNDbQ&s,Vostro 5471,14.0,Intel Core i5-8250U,AMD Radeon 530 (4 GB),128.0,3599.0,3.8,HDD
123,Dell,https://encrypted-tbn0.gstatic.com/images?q=tbn:ANd9GcRmvqJgv158IOmJqumBnogj9nXdjt13r6hOKPRwx79_8EFYjbwO0dAI5MnkveA&s,Inspiron 13 5370,13.3,Intel Core i5-8250U,AMD Radeon 530 (2 GB),256.0,3149.0,0.0,SSD
124,Acer,https://encrypted-tbn0.gstatic.com/images?q=tbn:ANd9GcSxVXui-TuqE5Hg1IUuIFDrOW1IqsaejmklJJy9Ow21tO_EIrHWCrCBkSIc3V0&s,Aspire 3 A315-53,15.6,Intel Core i5-7200U,NVIDIA GeForce MX130 (2 GB),1024.0,2249.0,3.7,HDD
125,Dell,https://encrypted-tbn0.gstatic.com/images?q=tbn:ANd9GcTK5frU32WrNilycuC3zkw0v9lP-I5u1deyyaj6sz4Qy6AOWDTNAy3B8FLAs1c&s,Vostro 5481,14.0,Intel Core i5-8265U,NVIDIA GeForce MX130 (2 GB),128.0,3399.0,0.0,HDD
126,Dell,https://encrypted-tbn0.gstatic.com/images?q=tbn:ANd9GcTK5frU32WrNilycuC3zkw0v9lP-I5u1deyyaj6sz4Qy6AOWDTNAy3B8FLAs1c&s,Vostro 5481,14.0,Intel Core i7-8565U,NVIDIA GeForce MX130 (2 GB),128.0,3899.0,0.0,HDD
127,Microsoft,https://encrypted-tbn0.gstatic.com/images?q=tbn:ANd9GcQpjCgf60nh_e6KSH2WCiibScWd_pdOafPwjS6XULJTKZeVpMM5g7psmDeEd08&s,Surface 2,13.5,Intel Core i5-8250U,Intel UHD Graphics 620,128.0,4199.0,4.1,SSD
128,Microsoft,https://encrypted-tbn0.gstatic.com/images?q=tbn:ANd9GcQpjCgf60nh_e6KSH2WCiibScWd_pdOafPwjS6XULJTKZeVpMM5g7psmDeEd08&s,Surface 2,13.5,Intel Core i5-8250U,Intel UHD Graphics 620,256.0,5399.0,0.0,SSD
129,HP,https://encrypted-tbn0.gstatic.com/images?q=tbn:ANd9GcT6eUrJLG-DDaafbmA9MIBX5EGMT9ybi3CU2TZwEGV4zTNXkKyP-m1paSuI-c8&s,Stream 14-cb104nx,14.0,Intel Celeron N4000,Intel UHD Graphics 600,64.0,1099.0,0.0,eMMC
130,Dell,https://encrypted-tbn0.gstatic.com/images?q=tbn:ANd9GcSy-0vbG-TRkGUWpqdAICB6DBrn6DYiOgldlChuPcDCtxpuA0j8U5yd7WoErSQ&s,Inspiron 14 5480,14.0,Intel Core i7-8565U,NVIDIA GeForce MX250 (2 GB),128.0,4099.0,0.0,HDD
131,Apple,https://encrypted-tbn0.gstatic.com/images?q=tbn:ANd9GcTz_70dNJ0OcpFt0uBEQYQIZTgDnCAT8qSMfydVvs2eLh-2vVxQmZ6iyPfkVuU&s,MacBook Pro (Retina + Touch Bar),15.4,Intel Core i7 6 Core,Radeon Pro 555X GDDR5 (4 GB),256.0,10799.0,0.0,SSD
132,Apple,https://encrypted-tbn0.gstatic.com/images?q=tbn:ANd9GcTz_70dNJ0OcpFt0uBEQYQIZTgDnCAT8qSMfydVvs2eLh-2vVxQmZ6iyPfkVuU&s,MacBook Pro (Retina + Touch Bar),15.4,Intel Core i9,Radeon Pro 560X GDDR5 (4 GB),512.0,12499.0,0.0,SSD
133,Apple,https://encrypted-tbn0.gstatic.com/images?q=tbn:ANd9GcTz_70dNJ0OcpFt0uBEQYQIZTgDnCAT8qSMfydVvs2eLh-2vVxQmZ6iyPfkVuU&s,MacBook Pro (Retina + Touch Bar),13.3,Intel Core i5 Quad Core,Intel Iris Plus Graphics 655,256.0,7999.0,0.0,SSD
134,Apple,https://encrypted-tbn0.gstatic.com/images?q=tbn:ANd9GcTz_70dNJ0OcpFt0uBEQYQIZTgDnCAT8qSMfydVvs2eLh-2vVxQmZ6iyPfkVuU&s,MacBook Pro (Retina + Touch Bar),13.3,Intel Core i5 Quad Core,Intel Iris Plus Graphics 655,512.0,8699.0,0.0,SSD
135,MSI,https://encrypted-tbn0.gstatic.com/images?q=tbn:ANd9GcReT3p6OGJfGpgwaqq12XU0kj93n-rNAjXP3UJG62dNbdeeptquiIrzeS76CPg&s,GT83VR 7RF Titan SLI,18.4,Intel Core i7-7820HK,NVIDIA GeForce GTX 1080 (8 GB) SLI,256.0,9071.0,0.0,HDD
136,Asus,https://encrypted-tbn0.gstatic.com/images?q=tbn:ANd9GcTx8Prxhzy3iCcZML8vdp5qm7EjqzDrairUbB2kzumplOSFlOZvlAnZ8GsyMZI&s,ROG G752VS,17.3,Intel Core i7-7700HQ,NVIDIA GeForce GTX 1070 (8 GB),256.0,8189.0,0.0,HDD
137,Acer,https://encrypted-tbn0.gstatic.com/images?q=tbn:ANd9GcSzFe3yvIgwiTor8PRhI7s907rntrngpEMDkvTuRJUAsZpERaGreCgHJNjucoU&s,Predator 17 GX791 78ND,17.3,Intel Core i7-6700HQ,NVIDIA GeForce GTX 980M (8 GB),256.0,7507.0,0.0,HDD
138,Apple,https://encrypted-tbn0.gstatic.com/images?q=tbn:ANd9GcQ_BSrAu0CAb3LY2SiFuWJZAqK9h0Nq6YSjwpo5Y52Zpq7QZazkZYXcDkpsPQ&s,MacBook Pro (Retina),15.4,Intel Core i7 Quad Core,AMD Radeon R9-M370X (2 GB),512.0,6824.0,0.0,SSD
139,Dell,https://encrypted-tbn0.gstatic.com/images?q=tbn:ANd9GcQTr9zhKDRVGzSX5xkr6cpIrC6iVKfoBPaNdhBFRqyumO9_ALLSkNzwr6sC0g&s,Alienware 15,15.6,Intel Core i7-7820HK,NVIDIA GeForce GTX 1080 (8 GB),256.0,6688.0,3.7,HDD
140,Dell,https://encrypted-tbn0.gstatic.com/images?q=tbn:ANd9GcT6sL5yUVldDu3l2zDKMseuB3srt3mG_5tAHd8GoPhl-Dcl44ROCKY4AvcQvmA&s,XPS 15,15.6,Intel Core i7-7700HQ,NVIDIA GeForce GTX 1050 (4 GB),1024.0,6483.0,0.0,HDD
141,Apple,https://encrypted-tbn0.gstatic.com/images?q=tbn:ANd9GcTz_70dNJ0OcpFt0uBEQYQIZTgDnCAT8qSMfydVvs2eLh-2vVxQmZ6iyPfkVuU&s,MacBook Pro (Retina + Touch Bar),15.4,Intel Core i7 Quad Core,Radeon Pro 555 GDDR5 (2 GB),256.0,7679.0,4.6,SSD
142,HP,https://encrypted-tbn0.gstatic.com/images?q=tbn:ANd9GcRMcQ7NXhY-5qIMwmJoglZzFUkvTsQe0-htTy4iFVzNFC0PmIPxbBAZ42FjR6c&s,ENVY 13-ab002nx,13.3,Intel Core i7-7500U,Intel HD Graphics 620,1024.0,4249.0,0.0,SSD
143,Asus,https://encrypted-tbn0.gstatic.com/images?q=tbn:ANd9GcTCJNcyTeJvlu9uOW7g5SONaFw1OMvlXITH1vyE5lkp5oOdcIJ-7knMk3G-KQ&s,ZenBook UX433FN,14.0,Intel Core i7-8565U,NVIDIA GeForce MX150 (2 GB),512.0,3799.0,4.4,SSD
144,Apple,https://encrypted-tbn0.gstatic.com/images?q=tbn:ANd9GcTz_70dNJ0OcpFt0uBEQYQIZTgDnCAT8qSMfydVvs2eLh-2vVxQmZ6iyPfkVuU&s,MacBook Pro (Retina + Touch Bar),15.4,Intel Core i7 6 Core,Radeon Pro 560X GDDR5 (4 GB),512.0,10699.0,4.4,SSD
145,HP,https://encrypted-tbn0.gstatic.com/images?q=tbn:ANd9GcRNRRaA1qAuyL-0uShp11H2_jGMMoCcNzserjZKTJSvf8Qm9GU9ti9TsKj4ug&s,ENVY 13-ad002nx,13.3,Intel Core i7-7500U,Intel Graphics 620,512.0,3539.0,4.1,SSD
146,Apple,https://encrypted-tbn0.gstatic.com/images?q=tbn:ANd9GcQ_BSrAu0CAb3LY2SiFuWJZAqK9h0Nq6YSjwpo5Y52Zpq7QZazkZYXcDkpsPQ&s,MacBook,12.0,Intel Core M3,Intel HD Graphics 615,256.0,4669.0,5.0,SSD
147,HP,https://encrypted-tbn0.gstatic.com/images?q=tbn:ANd9GcT_txOrixCkyGxvGmfkM_AtCd3gheIZSX9CCpePsegn4hOwlj4cEpen6ZgVyVA&s,Pavilion 15-cs0006nx,15.6,Intel Core i7-8550U,NVIDIA GeForce MX150 (4 GB),128.0,2979.0,3.9,HDD
148,Asus,https://encrypted-tbn0.gstatic.com/images?q=tbn:ANd9GcRZ6C7SZStiFGqgalXoLVbrKX9m5VOFiP7OobHSYiNUyuYHEtoPEo00n-ez&s,VivoBook 15 X510UF,15.6,Intel Core i7-8550U,NVIDIA GeForce MX130 (2 GB),128.0,2599.0,0.0,HDD
149,Asus,https://encrypted-tbn0.gstatic.com/images?q=tbn:ANd9GcQmLE4MJ8f9ecojD4Wp0JbeBnf68RBbaSYwNmq6TAJs2bHD9h65cYAeGFFn6bY&s,VivoBook S430,14.0,Intel Core i5-8250U,NVIDIA GeForce MX130 (2 GB),256.0,2499.0,0.0,HDD
150,HP,https://encrypted-tbn0.gstatic.com/images?q=tbn:ANd9GcQ48yj4IIG5KTHzlXD-OqCfdkTG_RvDvRJGRPgASmuXVThx-lWfkdfU-3lGwHA&s,Pavilion 15-cs0001nx,15.6,Intel Core i5-8250U,NVIDIA GeForce MX130 (2 GB),16.0,2409.0,0.0,HDD
151,HP,https://encrypted-tbn0.gstatic.com/images?q=tbn:ANd9GcT5FSI7hO9oKUOIeVg1SbAeQ5qEp4Xm7sJ2mBYDN2yxAcUKOqXh9WWWpVXeQw&s,Pavilion 15-cs0000nx,15.6,Intel Core i5-8250U,NVIDIA GeForce MX130 (2 GB),16.0,2409.0,0.0,HDD
152,Acer,https://encrypted-tbn0.gstatic.com/images?q=tbn:ANd9GcQbxubWqpD-2ZZ4UvrCeVZIJo17jFvLMaS5-TA0F9GZVxQosGu5HwEk4RiEIkU&s,Swift 3 SF314-54G-87HB,14.0,Intel Core i7-8550U,NVIDIA GeForce MX150 (2 GB),1024.0,3399.0,0.0,HDD
153,Asus,https://encrypted-tbn0.gstatic.com/images?q=tbn:ANd9GcRrGMEsgE0zUx8LJFmfXkUVeJ2dEE_An3cicDEtC7n5t198c9fDEREXZbyn9g&s,VivoBook 15 X507UB,15.6,Intel Core i5-8250U,NVIDIA GeForce MX110 (2 GB),128.0,2099.0,0.0,HDD
154,HP,https://encrypted-tbn0.gstatic.com/images?q=tbn:ANd9GcTcwVCoGoEhbs2ozSNpNC7W4VgJ_1sL_ZM06i-TEVDDGLUs3wk8MjapS4z9HA&s,15-bs150nx,15.6,Intel Core i3-5005U,Intel GMA HD,500.0,1199.0,0.0,HDD
155,Dell,https://encrypted-tbn0.gstatic.com/images?q=tbn:ANd9GcTbKVT0EXbo2wa9UbPqhvXtGrua0ID_jX_X7SyZFCUjabjRYrvTgHcAEDOJ_OI&s,Inspiron 3567,15.6,Intel Core i3-6006U,Intel GMA HD,1024.0,1429.0,0.0,HDD
156,Apple,https://encrypted-tbn0.gstatic.com/images?q=tbn:ANd9GcQ_BSrAu0CAb3LY2SiFuWJZAqK9h0Nq6YSjwpo5Y52Zpq7QZazkZYXcDkpsPQ&s,MacBook Pro (Retina),13.3,Intel Core i5 Dual Core,Intel Iris Plus Graphics 640,128.0,5269.0,4.6,SSD
157,Lenovo,https://encrypted-tbn0.gstatic.com/images?q=tbn:ANd9GcR3EF0H-b6xAZwNBt6u_Hjs-7ktWUWVCsYWk-Q22I81d3mqGRSDxLJCTrjns9A&s,IdeaPad 330S-15IKB,15.6,Intel Core i5-8250U,AMD Radeon 535 (2 GB),1024.0,2169.0,4.0,HDD
158,Acer,https://encrypted-tbn0.gstatic.com/images?q=tbn:ANd9GcSsXbS6CvZwAChz9QQ9QUJJdXAjI90cukYkiX_pi8zBMFsdXpYBM0cFivI-0Hs&s,Aspire 3 A315-53-34CE,15.6,Intel Core i3-7020U,Intel Graphics 620,1024.0,1239.0,4.0,HDD
159,Asus,https://encrypted-tbn0.gstatic.com/images?q=tbn:ANd9GcQtS9qCr2FDYRzIYuNAtkkM_qLhIIdaGjcK7vw2DVPE2Gud2pBBfCIVDNspUAw&s,VivoBook 15 X540UA,15.6,Intel Core i5-8250U,Intel HD Graphics 620,1024.0,1599.0,5.0,HDD
160,Lenovo,https://encrypted-tbn0.gstatic.com/images?q=tbn:ANd9GcT2P_-2c_OKUDY4ltrf__v060DoTUyw-X178_Go-0S7UBhebk8l_HijZcMHdYw&s,IdeaPad 330-15IGM,14.0,Intel Core i3-8130U,Intel HD Graphics 620,2048.0,1589.0,3.6,HDD
161,Lenovo,https://encrypted-tbn0.gstatic.com/images?q=tbn:ANd9GcSZYwdGgbYFQchfi2y4IEXZvlWDv93BCZh62bJ9Qqxr2JNb2u87TlfWVx3BFg&s,IdeaPad 330S-14IKB,14.0,Intel Core i5-8250U,Intel UHD Graphics 620,1024.0,1849.0,3.3,HDD
162,Lenovo,https://encrypted-tbn0.gstatic.com/images?q=tbn:ANd9GcSZYwdGgbYFQchfi2y4IEXZvlWDv93BCZh62bJ9Qqxr2JNb2u87TlfWVx3BFg&s,IdeaPad 330S-14IKB,14.0,Intel Core i3-8130U,Intel HD Graphics 620,2048.0,1699.0,3.3,HDD
163,HP,https://encrypted-tbn0.gstatic.com/images?q=tbn:ANd9GcRdIDNlphDgWNRnhXnQagzq_o4P9FNE-868SE1ZN1WekgO4zslaJwCb5CZhFQ&s,14-bp101nx,14.0,Intel Core i5-8250U,AMD Radeon 530 (2 GB),1024.0,2519.0,5.0,HDD
164,Apple,https://encrypted-tbn0.gstatic.com/images?q=tbn:ANd9GcQ_BSrAu0CAb3LY2SiFuWJZAqK9h0Nq6YSjwpo5Y52Zpq7QZazkZYXcDkpsPQ&s,MacBook Pro (Retina),15.4,Intel Core i7 Quad Core,Intel Iris Pro Graphics,256.0,8189.0,4.5,SSD
165,HP,https://encrypted-tbn0.gstatic.com/images?q=tbn:ANd9GcSUcxwUCgukDAoy_NC_G23AolgLzAAuAvNrWuwyg2EL4ISuRsl23UXd5BR2IAQ&s,14-ck0008nx,14.0,Intel Celeron N4000,Intel HD Graphics 600,500.0,1369.0,0.0,HDD
166,HP,https://encrypted-tbn0.gstatic.com/images?q=tbn:ANd9GcScmSktuc2pVf7gahzOza0GmDMcvV_HHlcnikwe2a4HgEiJrv9vTL28GZoSvw0&s,15-da0007nx,15.6,Intel Core i3-7020U,Intel HD Graphics 620,1024.0,1779.0,5.0,HDD
167,HP,https://encrypted-tbn0.gstatic.com/images?q=tbn:ANd9GcQ26DkloeLYDJro981v6dsd22J810LjbvdqXMSPSYOxBAzPcIqSVqzFr0h5VMs&s,15-da0035nx,15.6,Intel Core i7-8550U,Intel UHD Graphics 620,1024.0,2299.0,3.0,HDD
168,Apple,https://encrypted-tbn0.gstatic.com/images?q=tbn:ANd9GcTz_70dNJ0OcpFt0uBEQYQIZTgDnCAT8qSMfydVvs2eLh-2vVxQmZ6iyPfkVuU&s,MacBook Pro (Retina + Touch Bar),13.3,Intel Core i5 Dual Core,Intel Iris Plus Graphics 650,512.0,8499.0,0.0,SSD
169,HP,https://encrypted-tbn0.gstatic.com/images?q=tbn:ANd9GcSTeJn0ntb0dSN77ufYL5Snr9ImGJnBD57duPIA_EAkD-qe49l3H18NWyUasw&s,Pavilion 15-cs0003nx,15.6,Intel Core i7-8550U,NVIDIA GeForce MX150 (4 GB),128.0,3779.0,0.0,HDD
170,HP,https://encrypted-tbn0.gstatic.com/images?q=tbn:ANd9GcTPzxlYARab0Vv5QhzzBfeAhd1KOKJK82BifRAbIS3Owuq7hq_uFqec7Ij753Y&s,15-bs007nx,15.6,Intel Core i3-6006U,Intel HD Graphics 520,1024.0,1779.0,0.0,HDD
171,Lenovo,https://encrypted-tbn0.gstatic.com/images?q=tbn:ANd9GcQZpm11cFtK-nA86CHTvft2t7lgn9R3xbjCNmc0GEWPpaZxSwQy5y8IyXfIaA&s,IdeaPad 320-15IKBRA,15.6,Intel Core i7-8550U,AMD Radeon 530 (4 GB),2048.0,3149.0,0.0,HDD
172,HP,https://encrypted-tbn0.gstatic.com/images?q=tbn:ANd9GcSDpnZoDkm-nJJCUHtele20ZgM7XI0rbVoLVwXGn1GmH8XfIaULYOg6S0gI9w&s,ENVY 13-ad004nx,13.3,Intel Core i7-7500U,NVIDIA GeForce MX150 (2 GB),1024.0,6609.0,0.0,SSD
173,HP,https://encrypted-tbn0.gstatic.com/images?q=tbn:ANd9GcTHK1DNM5ZUzBDfO-X2vYW_UDkoxhZZxnVQEPFy8NRucG-WyovvQOxjzetPgA&s,Pavilion 14-bf102nx,14.0,Intel Core i5-8250U,NVIDIA GeForce GT 940MX (2 GB),1024.0,3039.0,0.0,HDD
174,Dell,https://encrypted-tbn0.gstatic.com/images?q=tbn:ANd9GcTbKVT0EXbo2wa9UbPqhvXtGrua0ID_jX_X7SyZFCUjabjRYrvTgHcAEDOJ_OI&s,Inspiron 15 3567,15.6,Intel Core i7-7500U,AMD Radeon R5-M340 (2 GB),1024.0,2749.0,0.0,HDD
175,Dell,https://encrypted-tbn0.gstatic.com/images?q=tbn:ANd9GcSBXUUpp-Fqm35cNqoZJ_zuIJSAKGcEApk8H7NXGRTb84cOk2eo1CIN4djc02Y&s,Inspiron 15 5567,15.6,Intel Core i7-7500U,AMD Radeon R7-M445 (4 GB),1024.0,3249.0,0.0,HDD
176,HP,https://encrypted-tbn0.gstatic.com/images?q=tbn:ANd9GcTSKW2CeASnQbkOYRqztg7Oa8KecKpTvwC6x7_oRAxne5G7WjuxnG0Kob-Q_sc&s,ENVY 13-ad001nx,13.3,Intel Core i5-7200U,Intel Graphics 620,256.0,3989.0,4.1,SSD
177,HP,https://encrypted-tbn0.gstatic.com/images?q=tbn:ANd9GcSWNgM4hTAKozcGSBWoPwZn7LrEs1aRakWuRuhyMux_3vR_el8doPEI-JU9v2k&s,ENVY 17-ae003nx,17.3,Intel Core i7-7500U,NVIDIA GeForce 940MX (4 GB),256.0,6199.0,0.0,HDD
178,HP,https://encrypted-tbn0.gstatic.com/images?q=tbn:ANd9GcTeW9yIAtBmQwiG62nl-aRj39AM7VjROI_raqo1Wt8PGbmCz5boolITBwx6Mg&s,15-bs006nx,15.6,Intel Core i3-6006U,Intel HD Graphics 520,1024.0,1779.0,3.6,HDD
179,Dell,https://encrypted-tbn0.gstatic.com/images?q=tbn:ANd9GcT6sL5yUVldDu3l2zDKMseuB3srt3mG_5tAHd8GoPhl-Dcl44ROCKY4AvcQvmA&s,XPS 15,15.6,Intel Core i7-8750H,NVIDIA GeForce GTX 1050 Ti (4 GB),512.0,8999.0,0.0,SSD
180,Acer,https://encrypted-tbn0.gstatic.com/images?q=tbn:ANd9GcRQcqbtBf24M_Dytr21xDeUcC7Ar44MUpJI57szTGh1PYku3FPrf-b8oJBqy0E&s,Aspire A315-51,15.6,Intel Core i3-6006U,Intel HD Graphics 520,500.0,1649.0,3.9,HDD
181,HP,https://encrypted-tbn0.gstatic.com/images?q=tbn:ANd9GcRm64IdcpYbJkPPEkQhVO8Is_SPO_or4kcDtvjykFCACCmUfBlHW9wOy0h-qi0&s,Pavilion 13-an0000nx,13.3,Intel Core i5-8265U,Intel UHD Graphics 620,128.0,3149.0,0.0,SSD
182,Dell,https://encrypted-tbn0.gstatic.com/images?q=tbn:ANd9GcQMuJI48htHicdWYcSHvDVuLv9QxupWSSRLxYzAMLnhQyMcF8mDUwDEd2IWlw&s,XPS 13 9360,13.3,Intel Core i5-8250U,Intel UHD Graphics 620,256.0,4399.0,0.0,SSD
183,Acer,https://encrypted-tbn0.gstatic.com/images?q=tbn:ANd9GcRYLS_zk62uJWv3J7gL996I408auQsOiy8Q_OSevsdWlLmt-PXAc_YFizB7wA&s,Aspire 5 A515-51G,15.6,Intel Core i7-8550U,NVIDIA GeForce MX130 (2 GB),2048.0,2999.0,3.8,HDD
184,HP,https://encrypted-tbn0.gstatic.com/images?q=tbn:ANd9GcQeEspTm3VBEz_y4DqKcQid5IU3Is7LRYSzTGP0FG6ZJxuafjIEDqIqy7dNdQ&s,ENVY 13-ad101nx,13.3,Intel Core i7-8550U,NVIDIA GeForce MX150 (2 GB),1024.0,6719.0,4.0,SSD
185,Dell,https://encrypted-tbn0.gstatic.com/images?q=tbn:ANd9GcRhfQvigCLOlcsIzVbLc99LmUeAJ_YfCzKNFeHRxd0pUorWxYruJfPfhcaod1w&s,Inspiron 15 5570,15.6,Intel Core i5-8250U,AMD Radeon 530 (2 GB),1024.0,2939.0,4.0,HDD
186,Dell,https://encrypted-tbn0.gstatic.com/images?q=tbn:ANd9GcTbKVT0EXbo2wa9UbPqhvXtGrua0ID_jX_X7SyZFCUjabjRYrvTgHcAEDOJ_OI&s,Inspiron 15 3567,15.6,Intel Core i5-8250U,AMD Radeon 520 (2 GB),1024.0,2549.0,0.0,HDD
187,Lenovo,https://encrypted-tbn0.gstatic.com/images?q=tbn:ANd9GcThW5HR-CvelF4Z1Tjyb4rSDm4fOW8NAnLReKaZXGoFq0rtUvvk07c-O2-MMQ&s,IdeaPad 320-15IKBRA,15.6,Intel Core i5-8250U,AMD Radeon 530 (2 GB),1024.0,2519.0,4.2,HDD
188,Lenovo,https://encrypted-tbn0.gstatic.com/images?q=tbn:ANd9GcTyMiX23jG6CnUj2UwUVOodsioXSFQ_k7Dt-jzo_EIR4uo0zSsIziMxLZ-NEpA&s,IdeaPad 320-14ISK,14.0,Intel Core i3-6006U,Intel GMA HD,1024.0,1779.0,0.0,HDD
189,Asus,https://encrypted-tbn0.gstatic.com/images?q=tbn:ANd9GcQforNMQlDUE5hrOgAFLFwOvkT7W4H7pGnUI_sHoQoOIxt1x5dW0EUMgTkSLA&s,ZenBook UX430UN Ultrabook,14.0,Intel Core i5-8250U,NVIDIA GeForce MX150 (2 GB),256.0,3779.0,0.0,SSD
190,HP,https://encrypted-tbn0.gstatic.com/images?q=tbn:ANd9GcT6zJbyZFCf-ybbZWNuZQKBERTUZgfvdQjZX_cjHORHojPMMOnjj4dPFORuyg&s,Pavilion 15-cc006nx,15.6,Intel Core i7-7500U,NVIDIA GeForce 940MX (2 GB),8.0,3459.0,0.0,HDD
191,Dell,https://encrypted-tbn0.gstatic.com/images?q=tbn:ANd9GcTbKVT0EXbo2wa9UbPqhvXtGrua0ID_jX_X7SyZFCUjabjRYrvTgHcAEDOJ_OI&s,Inspiron 15 3567,15.6,Intel Core i3-6006U,Intel GMA HD,1024.0,1889.0,0.0,HDD
192,Dell,https://encrypted-tbn0.gstatic.com/images?q=tbn:ANd9GcTbKVT0EXbo2wa9UbPqhvXtGrua0ID_jX_X7SyZFCUjabjRYrvTgHcAEDOJ_OI&s,Inspiron 15 3567,15.6,Intel Core i5-7200U,AMD Radeon R5-M340 (2 GB),1024.0,2469.0,0.0,HDD
193,HP,https://encrypted-tbn0.gstatic.com/images?q=tbn:ANd9GcSKeO6ptpjzntjMy4ZKEZDXoVVsZH0J-OzDvxPn3gS3vjzoK_Kp0hQrc3BnOIk&s,ENVY 13-ab000nx,13.3,Intel Core i5-7200U,Intel GMA HD,256.0,3779.0,0.0,SSD
194,Apple,https://encrypted-tbn0.gstatic.com/images?q=tbn:ANd9GcTz_70dNJ0OcpFt0uBEQYQIZTgDnCAT8qSMfydVvs2eLh-2vVxQmZ6iyPfkVuU&s,MacBook Pro (Retina + Touch Bar),13.3,Intel Core i5 Dual Core,Intel Iris Graphics 550,256.0,7768.95,0.0,SSD
196,HP,https://encrypted-tbn0.gstatic.com/images?q=tbn:ANd9GcQ_BSrAu0CAb3LY2SiFuWJZAqK9h0Nq6YSjwpo5Y52Zpq7QZazkZYXcDkpsPQ&s,Pavilion 15-cc002nx,15.6,Intel Core i7-7500U,NVIDIA GeForce 940MX (2 GB),8.0,3459.0,0.0,HDD
197,Apple,https://encrypted-tbn0.gstatic.com/images?q=tbn:ANd9GcSWFiH8hJbRdQauzk9jJXQlo3xrzbloDrtAv-bceq82fQUXnGG7_UbKrqm-6Q&s,MacBook Pro (Retina),13.3,Intel Core i5 Dual Core,Intel Iris Plus Graphics 640,256.0,6499.0,4.6,SSD
198,HP,https://encrypted-tbn0.gstatic.com/images?q=tbn:ANd9GcTbKVT0EXbo2wa9UbPqhvXtGrua0ID_jX_X7SyZFCUjabjRYrvTgHcAEDOJ_OI&s,ENVY 13-ad100nx,13.3,Intel Core i7-8550U,Intel HD Graphics 620,512.0,4829.0,4.0,SSD
199,Dell,https://encrypted-tbn0.gstatic.com/images?q=tbn:ANd9GcSHZBZlMJnhzqz2d9IRXOFPTN6cQp9PI9p25SjS-nNaTFZZ6V-KGDycpMRab8A&s,Inspiron 15 3567,15.6,Intel Core i5-7200U,AMD Radeon R5-M430 (2 GB),1024.0,2249.0,3.3,HDD
200,Lenovo,https://encrypted-tbn0.gstatic.com/images?q=tbn:ANd9GcTMWdbTV6wbVFarJ_o1C5RTZ0nzNPJLXvSoisE3_TdHOi39P5pbVFPyyyu6sU8&s,IdeaPad 320-15IKBRN,15.6,Intel Core i5-8250U,Intel GMA HD,1024.0,2099.0,3.8,HDD
201,Huawei,https://encrypted-tbn0.gstatic.com/images?q=tbn:ANd9GcTz_70dNJ0OcpFt0uBEQYQIZTgDnCAT8qSMfydVvs2eLh-2vVxQmZ6iyPfkVuU&s,MateBook D,15.6,Intel Core i7-8550U,NVIDIA GeForce MX150 (2 GB),128.0,3299.0,4.0,HDD
202,Apple,https://encrypted-tbn0.gstatic.com/images?q=tbn:ANd9GcTz_70dNJ0OcpFt0uBEQYQIZTgDnCAT8qSMfydVvs2eLh-2vVxQmZ6iyPfkVuU&s,MacBook Pro (Retina + Touch Bar),15.4,Intel Core i7 6 Core,Radeon Pro 555X GDDR5 (4 GB),256.0,10199.0,0.0,SSD
203,Apple,https://encrypted-tbn0.gstatic.com/images?q=tbn:ANd9GcQHrI2xiIizT3o6KQ2IHc8FGrynuDWLTAK-p8Fxqt4A6l5uJZpWeYAwEt4zvzs&s,MacBook Pro (Retina + Touch Bar),15.4,Intel Core i7 6 Core,Radeon Pro 560X GDDR5 (4 GB),512.0,11899.0,4.4,SSD
